{
  "seeds_combined": [
    7,
    13,
    42
  ],
  "consistency_tolerance": 0.1,
  "counts_per_seed": {
    "7": {
      "current": 7680,
      "cumulative": 7680
    },
    "13": {
      "current": 7680,
      "cumulative": 7680
    },
    "42": {
      "current": 7680,
      "cumulative": 7680
    }
  },
  "aggregate_quantiles": {
    "soil_moisture": {
      "current": {
        "P25": 0.10738740856716499,
        "P50": 0.19705136692415898,
        "P67": 0.255536423715662,
        "P75": 0.28437430843051315,
        "P90": 0.3498927784114939
      },
      "cumulative": {
        "P25": 0.10738740856716499,
        "P50": 0.19705136692415898,
        "P67": 0.255536423715662,
        "P75": 0.28437430843051315,
        "P90": 0.3498927784114939
      }
    },
    "fertility": {
      "current": {
        "P25": 0.07988522565696174,
        "P50": 0.1786800812630334,
        "P67": 0.24346424394539695,
        "P75": 0.2741826147695047,
        "P90": 0.3438586268428946
      },
      "cumulative": {
        "P25": 0.07988522565696174,
        "P50": 0.1786800812630334,
        "P67": 0.24346424394539695,
        "P75": 0.2741826147695047,
        "P90": 0.3438586268428946
      }
    },
    "rainfall_30d": {
      "current": {
        "P25": 2.691724636325902,
        "P50": 5.400434808970519,
        "P67": 7.170747981837029,
        "P75": 8.030984500765,
        "P90": 10.013221494912178
      },
      "cumulative": {
        "P25": 2.691724636325902,
        "P50": 5.400434808970519,
        "P67": 7.170747981837029,
        "P75": 8.030984500765,
        "P90": 10.013221494912178
      }
    },
    "temperature_30d": {
      "current": {
        "P25": 19.77857433697063,
        "P50": 19.984629641699502,
        "P67": 20.121202378136267,
        "P75": 20.20061985952519,
        "P90": 20.41763595663492
      },
      "cumulative": {
        "P25": 19.77857433697063,
        "P50": 19.984629641699502,
        "P67": 20.121202378136267,
        "P75": 20.20061985952519,
        "P90": 20.41763595663492
      }
    },
    "drought_days": {
      "current": {
        "P25": 0.0,
        "P50": 0.0,
        "P67": 0.0,
        "P75": 1.0,
        "P90": 1.0
      },
      "cumulative": {
        "P25": 0.0,
        "P50": 0.0,
        "P67": 0.0,
        "P75": 1.0,
        "P90": 1.0
      }
    },
    "depletion": {
      "current": {
        "P25": 0.0,
        "P50": 0.0,
        "P67": 0.0,
        "P75": 0.0,
        "P90": 0.0
      },
      "cumulative": {
        "P25": 0.0,
        "P50": 0.0,
        "P67": 0.0,
        "P75": 0.0,
        "P90": 0.0
      }
    },
    "recovery_rate": {
      "current": {
        "P25": 0.0,
        "P50": 0.0,
        "P67": 0.0,
        "P75": 0.0,
        "P90": 0.0
      },
      "cumulative": {
        "P25": 0.0,
        "P50": 0.0,
        "P67": 0.0,
        "P75": 0.0,
        "P90": 0.0
      }
    },
    "hazard_damage": {
      "current": {
        "P25": 0.06666666666666667,
        "P50": 0.16666666666666666,
        "P67": 0.26666666666666666,
        "P75": 0.3,
        "P90": 0.43333333333333335
      },
      "cumulative": {
        "P25": 0.06666666666666667,
        "P50": 0.16666666666666666,
        "P67": 0.26666666666666666,
        "P75": 0.3,
        "P90": 0.43333333333333335
      }
    }
  },
  "consistency_within_tolerance": {
    "soil_moisture": {
      "current": {
        "P50": true,
        "P67": true,
        "P75": true
      },
      "cumulative": {
        "P50": true,
        "P67": true,
        "P75": true
      }
    },
    "fertility": {
      "current": {
        "P50": true,
        "P67": true,
        "P75": true
      },
      "cumulative": {
        "P50": true,
        "P67": true,
        "P75": true
      }
    },
    "rainfall_30d": {
      "current": {
        "P50": true,
        "P67": true,
        "P75": true
      },
      "cumulative": {
        "P50": true,
        "P67": true,
        "P75": true
      }
    },
    "temperature_30d": {
      "current": {
        "P50": true,
        "P67": true,
        "P75": true
      },
      "cumulative": {
        "P50": true,
        "P67": true,
        "P75": true
      }
    },
    "drought_days": {
      "current": {
        "P50": true,
        "P67": true,
        "P75": true
      },
      "cumulative": {
        "P50": true,
        "P67": true,
        "P75": true
      }
    },
    "depletion": {
      "current": {
        "P50": true,
        "P67": true,
        "P75": true
      },
      "cumulative": {
        "P50": true,
        "P67": true,
        "P75": true
      }
    },
    "recovery_rate": {
      "current": {
        "P50": true,
        "P67": true,
        "P75": true
      },
      "cumulative": {
        "P50": true,
        "P67": true,
        "P75": true
      }
    },
    "hazard_damage": {
      "current": {
        "P50": false,
        "P67": true,
        "P75": true
      },
      "cumulative": {
        "P50": false,
        "P67": true,
        "P75": true
      }
    }
  },
  "consistency_details": {
    "soil_moisture": {
      "current": {
        "P50": {
          "values_by_seed": {
            "7": 0.20230127591058478,
            "13": 0.19502111956128793,
            "42": 0.19370910025078353
          },
          "mean": 0.19701049857421873,
          "within_tolerance": true
        },
        "P67": {
          "values_by_seed": {
            "7": 0.26322366904130445,
            "13": 0.25090999589397894,
            "42": 0.2522536324140742
          },
          "mean": 0.2554624324497859,
          "within_tolerance": true
        },
        "P75": {
          "values_by_seed": {
            "7": 0.2917073327265729,
            "13": 0.2804154073503617,
            "42": 0.2811149694993851
          },
          "mean": 0.2844125698587732,
          "within_tolerance": true
        }
      },
      "cumulative": {
        "P50": {
          "values_by_seed": {
            "7": 0.20230127591058478,
            "13": 0.19502111956128793,
            "42": 0.19370910025078353
          },
          "mean": 0.19701049857421873,
          "within_tolerance": true
        },
        "P67": {
          "values_by_seed": {
            "7": 0.26322366904130445,
            "13": 0.25090999589397894,
            "42": 0.2522536324140742
          },
          "mean": 0.2554624324497859,
          "within_tolerance": true
        },
        "P75": {
          "values_by_seed": {
            "7": 0.2917073327265729,
            "13": 0.2804154073503617,
            "42": 0.2811149694993851
          },
          "mean": 0.2844125698587732,
          "within_tolerance": true
        }
      }
    },
    "fertility": {
      "current": {
        "P50": {
          "values_by_seed": {
            "7": 0.1825118418949075,
            "13": 0.1735470255925921,
            "42": 0.1786169025948055
          },
          "mean": 0.1782252566941017,
          "within_tolerance": true
        },
        "P67": {
          "values_by_seed": {
            "7": 0.24900139195485257,
            "13": 0.23764846611467216,
            "42": 0.243450233887758
          },
          "mean": 0.24336669731909424,
          "within_tolerance": true
        },
        "P75": {
          "values_by_seed": {
            "7": 0.2806584804508689,
            "13": 0.268232447096097,
            "42": 0.2719872006053988
          },
          "mean": 0.2736260427174549,
          "within_tolerance": true
        }
      },
      "cumulative": {
        "P50": {
          "values_by_seed": {
            "7": 0.1825118418949075,
            "13": 0.1735470255925921,
            "42": 0.1786169025948055
          },
          "mean": 0.1782252566941017,
          "within_tolerance": true
        },
        "P67": {
          "values_by_seed": {
            "7": 0.24900139195485257,
            "13": 0.23764846611467216,
            "42": 0.243450233887758
          },