{
  "seed": 13,
  "counts": {
    "current": 1920,
    "cumulative": 5760
  },
  "quantiles": {
    "soil_moisture": {
      "current": {
        "P25": 0.2177083333333333,
        "P50": 0.2884920634920635,
        "P67": 0.3196969696969697,
        "P75": 0.32651515151515154,
        "P90": 0.3789425287356326
      },
      "cumulative": {
        "P25": 0.19364837398373982,
        "P50": 0.26249999999999996,
        "P67": 0.30624999999999997,
        "P75": 0.32121212121212117,
        "P90": 0.37031963470319634
      }
    },
    "fertility": {
      "current": {
        "P25": 0.20833333333333331,
        "P50": 0.26746031746031745,
        "P67": 0.3103174603174603,
        "P75": 0.32651515151515154,
        "P90": 0.3786206896551724
      },
      "cumulative": {
        "P25": 0.15,
        "P50": 0.24722222222222223,
        "P67": 0.29791666666666666,
        "P75": 0.3174242424242424,
        "P90": 0.3689497716894977
      }
    },
    "rainfall_30d": {
      "current": {
        "P25": 0.34833333333333333,
        "P50": 1.211666666666667,
        "P67": 1.3966666666666667,
        "P75": 2.2649999999999997,
        "P90": 5.497666666666673
      },
      "cumulative": {
        "P25": 0.38333333333333336,
        "P50": 0.9666666666666667,
        "P67": 1.3466666666666667,
        "P75": 1.4533333333333334,
        "P90": 5.406666666666666
      }
    },
    "temperature_30d": {
      "current": {
        "P25": 12.319999999999999,
        "P50": 20.48166666666667,
        "P67": 21.333333333333332,
        "P75": 23.34,
        "P90": 30.37333333333333
      },
      "cumulative": {
        "P25": 11.646843434343433,
        "P50": 20.109166666666667,
        "P67": 21.10666666666667,
        "P75": 22.572499999999998,
        "P90": 30.026666666666664
      }
    },
    "drought_days": {
      "current": {
        "P25": 0.0,
        "P50": 1.0,
        "P67": 1.0,
        "P75": 2.0,
        "P90": 3.1000000000001364
      },
      "cumulative": {
        "P25": 0.0,
        "P50": 0.0,
        "P67": 1.0,
        "P75": 1.0,
        "P90": 3.0
      }
    },
    "depletion": {
      "current": {
        "P25": 0.0,
        "P50": 0.0,
        "P67": 0.0,
        "P75": 0.0,
        "P90": 0.0
      },
      "cumulative": {
        "P25": 0.0,
        "P50": 0.0,
        "P67": 0.0,
        "P75": 0.0,
        "P90": 0.0
      }
    },
    "recovery_rate": {
      "current": {
        "P25": 0.0,
        "P50": 0.0,
        "P67": 0.0,
        "P75": 0.0,
        "P90": 0.0
      },
      "cumulative": {
        "P25": 0.0,
        "P50": 0.0,
        "P67": 0.0,
        "P75": 0.0,
        "P90": 0.0
      }
    },
    "hazard_damage": {
      "current": {
        "P25": 1.0,
        "P50": 1.0,
        "P67": 1.0,
        "P75": 1.0,
        "P90": 1.0
      },
      "cumulative": {
        "P25": 0.6333333333333333,
        "P50": 1.0,
        "P67": 1.0,
        "P75": 1.0,
        "P90": 1.0
      }
    }
  }
}
