{
  "seed": 7,
  "counts": {
    "current": 1920,
    "cumulative": 5760
  },
  "quantiles": {
    "soil_moisture": {
      "current": {
        "P25": 0.26458333333333334,
        "P50": 0.3,
        "P67": 0.3190476190476191,
        "P75": 0.3375,
        "P90": 0.3765492957746479
      },
      "cumulative": {
        "P25": 0.20601325757575756,
        "P50": 0.2625,
        "P67": 0.29777777777777775,
        "P75": 0.31587301587301586,
        "P90": 0.3875586854460094
      }
    },
    "fertility": {
      "current": {
        "P25": 0.25625,
        "P50": 0.29953051643192485,
        "P67": 0.3190476190476191,
        "P75": 0.3349206349206349,
        "P90": 0.37652582159624415
      },
      "cumulative": {
        "P25": 0.17333333333333334,
        "P50": 0.25555555555555554,
        "P67": 0.29375,
        "P75": 0.30952380952380953,
        "P90": 0.38615023474178406
      }
    },
    "rainfall_30d": {
      "current": {
        "P25": 0.4558333333333333,
        "P50": 0.9750000000000001,
        "P67": 1.34,
        "P75": 2.180833333333333,
        "P90": 5.347
      },
      "cumulative": {
        "P25": 0.38,
        "P50": 0.9033333333333333,
        "P67": 1.27,
        "P75": 1.3933333333333333,
        "P90": 5.474000000000003
      }
    },
    "temperature_30d": {
      "current": {
        "P25": 12.319999999999999,
        "P50": 20.48166666666667,
        "P67": 21.333333333333332,
        "P75": 23.34,
        "P90": 30.37333333333333
      },
      "cumulative": {
        "P25": 11.646843434343433,
        "P50": 20.109166666666667,
        "P67": 21.10666666666667,
        "P75": 22.572499999999998,
        "P90": 30.026666666666664
      }
    },
    "drought_days": {
      "current": {
        "P25": 0.0,
        "P50": 0.0,
        "P67": 1.0,
        "P75": 1.0,
        "P90": 3.0
      },
      "cumulative": {
        "P25": 0.0,
        "P50": 0.0,
        "P67": 1.0,
        "P75": 1.0,
        "P90": 2.0
      }
    },
    "depletion": {
      "current": {
        "P25": 0.0,
        "P50": 0.0,
        "P67": 0.0,
        "P75": 0.0,
        "P90": 0.0
      },
      "cumulative": {
        "P25": 0.0,
        "P50": 0.0,
        "P67": 0.0,
        "P75": 0.0,
        "P90": 0.0
      }
    },
    "recovery_rate": {
      "current": {
        "P25": 0.0,
        "P50": 0.0,
        "P67": 0.0,
        "P75": 0.0,
        "P90": 0.0
      },
      "cumulative": {
        "P25": 0.0,
        "P50": 0.0,
        "P67": 0.0,
        "P75": 0.0,
        "P90": 0.0
      }
    },
    "hazard_damage": {
      "current": {
        "P25": 1.0,
        "P50": 1.0,
        "P67": 1.0,
        "P75": 1.0,
        "P90": 1.0
      },
      "cumulative": {
        "P25": 0.5333333333333333,
        "P50": 0.9666666666666666,
        "P67": 1.0,
        "P75": 1.0,
        "P90": 1.0
      }
    }
  }
}
