{
  "seed": 7,
  "counts": {
    "current": 7680,
    "cumulative": 7680
  },
  "quantiles": {
    "soil_moisture": {
      "current": {
        "P25": 0.11238487206863929,
        "P50": 0.20230127591058478,
        "P67": 0.26322366904130445,
        "P75": 0.2917073327265729,
        "P90": 0.35557334199896984
      },
      "cumulative": {
        "P25": 0.11238487206863929,
        "P50": 0.20230127591058478,
        "P67": 0.26322366904130445,
        "P75": 0.2917073327265729,
        "P90": 0.35557334199896984
      }
    },
    "fertility": {
      "current": {
        "P25": 0.081653766869062,
        "P50": 0.1825118418949075,
        "P67": 0.24900139195485257,
        "P75": 0.2806584804508689,
        "P90": 0.34953766070789577
      },
      "cumulative": {
        "P25": 0.081653766869062,
        "P50": 0.1825118418949075,
        "P67": 0.24900139195485257,
        "P75": 0.2806584804508689,
        "P90": 0.34953766070789577
      }
    },
    "rainfall_30d": {
      "current": {
        "P25": 2.7916918257375145,
        "P50": 5.523444729057511,
        "P67": 7.360510877797074,
        "P75": 8.205393220594159,
        "P90": 10.175748081874021
      },
      "cumulative": {
        "P25": 2.7916918257375145,
        "P50": 5.523444729057511,
        "P67": 7.360510877797074,
        "P75": 8.205393220594159,
        "P90": 10.175748081874021
      }
    },
    "temperature_30d": {
      "current": {
        "P25": 19.75188123675754,
        "P50": 19.96737919925011,
        "P67": 20.115370058480085,
        "P75": 20.193727269130964,
        "P90": 20.401854176562637
      },
      "cumulative": {
        "P25": 19.75188123675754,
        "P50": 19.96737919925011,
        "P67": 20.115370058480085,
        "P75": 20.193727269130964,
        "P90": 20.401854176562637
      }
    },
    "drought_days": {
      "current": {
        "P25": 0.0,
        "P50": 0.0,
        "P67": 0.0,
        "P75": 1.0,
        "P90": 1.0
      },
      "cumulative": {
        "P25": 0.0,
        "P50": 0.0,
        "P67": 0.0,
        "P75": 1.0,
        "P90": 1.0
      }
    },
    "depletion": {
      "current": {
        "P25": 0.0,
        "P50": 0.0,
        "P67": 0.0,
        "P75": 0.0,
        "P90": 0.0
      },
      "cumulative": {
        "P25": 0.0,
        "P50": 0.0,
        "P67": 0.0,
        "P75": 0.0,
        "P90": 0.0
      }
    },
    "recovery_rate": {
      "current": {
        "P25": 0.0,
        "P50": 0.0,
        "P67": 0.0,
        "P75": 0.0,
        "P90": 0.0
      },
      "cumulative": {
        "P25": 0.0,
        "P50": 0.0,
        "P67": 0.0,
        "P75": 0.0,
        "P90": 0.0
      }
    },
    "hazard_damage": {
      "current": {
        "P25": 0.06666666666666667,
        "P50": 0.16666666666666666,
        "P67": 0.23333333333333334,
        "P75": 0.3,
        "P90": 0.4333333333333333
      },
      "cumulative": {
        "P25": 0.06666666666666667,
        "P50": 0.16666666666666666,
        "P67": 0.23333333333333334,
        "P75": 0.3,
        "P90": 0.4333333333333333
      }
    }
  }
}
