{
  "seed": 7,
  "counts": {
    "current": 1920,
    "cumulative": 5760
  },
  "quantiles": {
    "soil_moisture": {
      "current": {
        "P25": 0.26458333333333334,
        "P50": 0.3,
        "P67": 0.3190476190476191,
        "P75": 0.33749999999999997,
        "P90": 0.3765492957746479
      },
      "cumulative": {
        "P25": 0.20601325757575759,
        "P50": 0.2625,
        "P67": 0.2977777777777778,
        "P75": 0.3158730158730159,
        "P90": 0.38755868544600935
      }
    },
    "fertility": {
      "current": {
        "P25": 0.25625000000000003,
        "P50": 0.29953051643192485,
        "P67": 0.3190476190476191,
        "P75": 0.33492063492063495,
        "P90": 0.37652582159624415
      },
      "cumulative": {
        "P25": 0.1733333333333333,
        "P50": 0.25555555555555554,
        "P67": 0.29375,
        "P75": 0.30952380952380953,
        "P90": 0.38615023474178406
      }
    },
    "rainfall_30d": {
      "current": {
        "P25": 13.674999999999999,
        "P50": 29.25,
        "P67": 40.2,
        "P75": 65.425,
        "P90": 160.41000000000003
      },
      "cumulative": {
        "P25": 11.4,
        "P50": 27.1,
        "P67": 38.1,
        "P75": 41.800000000000004,
        "P90": 164.22000000000008
      }
    },
    "temperature_30d": {
      "current": {
        "P25": 6.3275,
        "P50": 14.481666666666666,
        "P67": 15.333333333333334,
        "P75": 17.34,
        "P90": 24.373333333333335
      },
      "cumulative": {
        "P25": 5.6550505050505055,
        "P50": 14.109166666666667,
        "P67": 15.106666666666666,
        "P75": 16.572499999999998,
        "P90": 24.026666666666664
      }
    },
    "drought_days": {
      "current": {
        "P25": 0.0,
        "P50": 0.0,
        "P67": 1.0,
        "P75": 1.0,
        "P90": 3.0
      },
      "cumulative": {
        "P25": 0.0,
        "P50": 0.0,
        "P67": 1.0,
        "P75": 1.0,
        "P90": 2.0
      }
    },
    "depletion": {
      "current": {
        "P25": 0.0,
        "P50": 0.0,
        "P67": 0.0,
        "P75": 0.0,
        "P90": 0.0
      },
      "cumulative": {
        "P25": 0.0,
        "P50": 0.0,
        "P67": 0.0,
        "P75": 0.0,
        "P90": 0.0
      }
    },
    "recovery_rate": {
      "current": {
        "P25": 0.0,
        "P50": 0.0,
        "P67": 0.0,
        "P75": 0.0,
        "P90": 0.0
      },
      "cumulative": {
        "P25": 0.0,
        "P50": 0.0,
        "P67": 0.0,
        "P75": 0.0,
        "P90": 0.0
      }
    },
    "hazard_damage": {
      "current": {
        "P25": 1.0,
        "P50": 1.0,
        "P67": 1.0,
        "P75": 1.0,
        "P90": 1.0
      },
      "cumulative": {
        "P25": 0.5333333333333333,
        "P50": 0.9666666666666666,
        "P67": 1.0,
        "P75": 1.0,
        "P90": 1.0
      }
    }
  }
}
