{
  "seed": 42,
  "counts": {
    "current": 1920,
    "cumulative": 5760
  },
  "quantiles": {
    "soil_moisture": {
      "current": {
        "P25": 0.26249999999999996,
        "P50": 0.28286384976525825,
        "P67": 0.3020833333333333,
        "P75": 0.30697674418604654,
        "P90": 0.35375586854460095
      },
      "cumulative": {
        "P25": 0.18699685534591196,
        "P50": 0.27499999999999997,
        "P67": 0.2992592592592593,
        "P75": 0.31118721461187215,
        "P90": 0.36666666666666664
      }
    },
    "fertility": {
      "current": {
        "P25": 0.24651162790697675,
        "P50": 0.27674418604651163,
        "P67": 0.29689922480620157,
        "P75": 0.30319634703196346,
        "P90": 0.3516666666666667
      },
      "cumulative": {
        "P25": 0.13999999999999999,
        "P50": 0.2644444444444444,
        "P67": 0.2911111111111111,
        "P75": 0.30444444444444446,
        "P90": 0.36141552511415526
      }
    },
    "rainfall_30d": {
      "current": {
        "P25": 0.42333333333333334,
        "P50": 1.19,
        "P67": 1.4233333333333333,
        "P75": 2.126666666666667,
        "P90": 4.5193333333333365
      },
      "cumulative": {
        "P25": 0.39666666666666667,
        "P50": 1.0366666666666666,
        "P67": 1.37,
        "P75": 1.49,
        "P90": 4.881333333333351
      }
    },
    "temperature_30d": {
      "current": {
        "P25": 12.319999999999999,
        "P50": 20.48166666666667,
        "P67": 21.333333333333332,
        "P75": 23.34,
        "P90": 30.37333333333333
      },
      "cumulative": {
        "P25": 11.646843434343433,
        "P50": 20.109166666666667,
        "P67": 21.10666666666667,
        "P75": 22.572499999999998,
        "P90": 30.026666666666664
      }
    },
    "drought_days": {
      "current": {
        "P25": 0.0,
        "P50": 0.0,
        "P67": 1.0,
        "P75": 1.0,
        "P90": 2.0
      },
      "cumulative": {
        "P25": 0.0,
        "P50": 0.0,
        "P67": 1.0,
        "P75": 1.0,
        "P90": 3.0
      }
    },
    "depletion": {
      "current": {
        "P25": 0.0,
        "P50": 0.0,
        "P67": 0.0,
        "P75": 0.0,
        "P90": 0.0
      },
      "cumulative": {
        "P25": 0.0,
        "P50": 0.0,
        "P67": 0.0,
        "P75": 0.0,
        "P90": 0.0
      }
    },
    "recovery_rate": {
      "current": {
        "P25": 0.0,
        "P50": 0.0,
        "P67": 0.0,
        "P75": 0.0,
        "P90": 0.0
      },
      "cumulative": {
        "P25": 0.0,
        "P50": 0.0,
        "P67": 0.0,
        "P75": 0.0,
        "P90": 0.0
      }
    },
    "hazard_damage": {
      "current": {
        "P25": 1.0,
        "P50": 1.0,
        "P67": 1.0,
        "P75": 1.0,
        "P90": 1.0
      },
      "cumulative": {
        "P25": 0.6,
        "P50": 1.0,
        "P67": 1.0,
        "P75": 1.0,
        "P90": 1.0
      }
    }
  }
}
