{
  "seed": 42,
  "counts": {
    "current": 1920,
    "cumulative": 5760
  },
  "quantiles": {
    "soil_moisture": {
      "current": {
        "P25": 0.2625,
        "P50": 0.2828638497652582,
        "P67": 0.3020833333333333,
        "P75": 0.30697674418604654,
        "P90": 0.3537558685446009
      },
      "cumulative": {
        "P25": 0.18699685534591193,
        "P50": 0.275,
        "P67": 0.2992592592592592,
        "P75": 0.31118721461187215,
        "P90": 0.36666666666666664
      }
    },
    "fertility": {
      "current": {
        "P25": 0.24651162790697675,
        "P50": 0.27674418604651163,
        "P67": 0.2968992248062015,
        "P75": 0.3031963470319635,
        "P90": 0.3516666666666667
      },
      "cumulative": {
        "P25": 0.13999999999999999,
        "P50": 0.2644444444444444,
        "P67": 0.2911111111111111,
        "P75": 0.30444444444444446,
        "P90": 0.36141552511415526
      }
    },
    "rainfall_30d": {
      "current": {
        "P25": 12.7,
        "P50": 35.7,
        "P67": 42.7,
        "P75": 63.8,
        "P90": 135.5800000000001
      },
      "cumulative": {
        "P25": 11.9,
        "P50": 31.1,
        "P67": 41.1,
        "P75": 44.7,
        "P90": 146.4400000000005
      }
    },
    "temperature_30d": {
      "current": {
        "P25": 6.3275,
        "P50": 14.481666666666666,
        "P67": 15.333333333333334,
        "P75": 17.34,
        "P90": 24.373333333333335
      },
      "cumulative": {
        "P25": 5.6550505050505055,
        "P50": 14.109166666666667,
        "P67": 15.106666666666666,
        "P75": 16.572499999999998,
        "P90": 24.026666666666664
      }
    },
    "drought_days": {
      "current": {
        "P25": 0.0,
        "P50": 0.0,
        "P67": 1.0,
        "P75": 1.0,
        "P90": 2.0
      },
      "cumulative": {
        "P25": 0.0,
        "P50": 0.0,
        "P67": 1.0,
        "P75": 1.0,
        "P90": 3.0
      }
    },
    "depletion": {
      "current": {
        "P25": 0.0,
        "P50": 0.0,
        "P67": 0.0,
        "P75": 0.0,
        "P90": 0.0
      },
      "cumulative": {
        "P25": 0.0,
        "P50": 0.0,
        "P67": 0.0,
        "P75": 0.0,
        "P90": 0.0
      }
    },
    "recovery_rate": {
      "current": {
        "P25": 0.0,
        "P50": 0.0,
        "P67": 0.0,
        "P75": 0.0,
        "P90": 0.0
      },
      "cumulative": {
        "P25": 0.0,
        "P50": 0.0,
        "P67": 0.0,
        "P75": 0.0,
        "P90": 0.0
      }
    },
    "hazard_damage": {
      "current": {
        "P25": 1.0,
        "P50": 1.0,
        "P67": 1.0,
        "P75": 1.0,
        "P90": 1.0
      },
      "cumulative": {
        "P25": 0.6,
        "P50": 1.0,
        "P67": 1.0,
        "P75": 1.0,
        "P90": 1.0
      }
    }
  }
}
