{
  "seed": 42,
  "counts": {
    "current": 7680,
    "cumulative": 7680
  },
  "quantiles": {
    "soil_moisture": {
      "current": {
        "P25": 0.10572073332396459,
        "P50": 0.19370910025078353,
        "P67": 0.2522536324140742,
        "P75": 0.2811149694993851,
        "P90": 0.3442962584008135
      },
      "cumulative": {
        "P25": 0.10572073332396459,
        "P50": 0.19370910025078353,
        "P67": 0.2522536324140742,
        "P75": 0.2811149694993851,
        "P90": 0.3442962584008135
      }
    },
    "fertility": {
      "current": {
        "P25": 0.08348221292307305,
        "P50": 0.1786169025948055,
        "P67": 0.243450233887758,
        "P75": 0.2719872006053988,
        "P90": 0.33997232715826137
      },
      "cumulative": {
        "P25": 0.08348221292307305,
        "P50": 0.1786169025948055,
        "P67": 0.243450233887758,
        "P75": 0.2719872006053988,
        "P90": 0.33997232715826137
      }
    },
    "rainfall_30d": {
      "current": {
        "P25": 2.6671886575599233,
        "P50": 5.337975968444596,
        "P67": 7.112104330310656,
        "P75": 7.929600996389069,
        "P90": 9.925764562916672
      },
      "cumulative": {
        "P25": 2.6671886575599233,
        "P50": 5.337975968444596,
        "P67": 7.112104330310656,
        "P75": 7.929600996389069,
        "P90": 9.925764562916672
      }
    },
    "temperature_30d": {
      "current": {
        "P25": 19.808070978619035,
        "P50": 20.00757405444977,
        "P67": 20.127648251802604,
        "P75": 20.200163881421823,
        "P90": 20.42035446029779
      },
      "cumulative": {
        "P25": 19.808070978619035,
        "P50": 20.00757405444977,
        "P67": 20.127648251802604,
        "P75": 20.200163881421823,
        "P90": 20.42035446029779
      }
    },
    "drought_days": {
      "current": {
        "P25": 0.0,
        "P50": 0.0,
        "P67": 0.0,
        "P75": 1.0,
        "P90": 1.0
      },
      "cumulative": {
        "P25": 0.0,
        "P50": 0.0,
        "P67": 0.0,
        "P75": 1.0,
        "P90": 1.0
      }
    },
    "depletion": {
      "current": {
        "P25": 0.0,
        "P50": 0.0,
        "P67": 0.0,
        "P75": 0.0,
        "P90": 0.0
      },
      "cumulative": {
        "P25": 0.0,
        "P50": 0.0,
        "P67": 0.0,
        "P75": 0.0,
        "P90": 0.0
      }
    },
    "recovery_rate": {
      "current": {
        "P25": 0.0,
        "P50": 0.0,
        "P67": 0.0,
        "P75": 0.0,
        "P90": 0.0
      },
      "cumulative": {
        "P25": 0.0,
        "P50": 0.0,
        "P67": 0.0,
        "P75": 0.0,
        "P90": 0.0
      }
    },
    "hazard_damage": {
      "current": {
        "P25": 0.06666666666666667,
        "P50": 0.16666666666666666,
        "P67": 0.23333333333333334,
        "P75": 0.3,
        "P90": 0.43333333333333335
      },
      "cumulative": {
        "P25": 0.06666666666666667,
        "P50": 0.16666666666666666,
        "P67": 0.23333333333333334,
        "P75": 0.3,
        "P90": 0.43333333333333335
      }
    }
  }
}
