{
  "seed": 13,
  "counts": {
    "current": 1920,
    "cumulative": 5760
  },
  "quantiles": {
    "soil_moisture": {
      "current": {
        "P25": 0.21770833333333334,
        "P50": 0.2884920634920635,
        "P67": 0.3196969696969697,
        "P75": 0.32651515151515154,
        "P90": 0.3789425287356326
      },
      "cumulative": {
        "P25": 0.19364837398373985,
        "P50": 0.2625,
        "P67": 0.30624999999999997,
        "P75": 0.3212121212121212,
        "P90": 0.37031963470319634
      }
    },
    "fertility": {
      "current": {
        "P25": 0.20833333333333334,
        "P50": 0.2674603174603175,
        "P67": 0.3103174603174603,
        "P75": 0.32651515151515154,
        "P90": 0.37862068965517237
      },
      "cumulative": {
        "P25": 0.15,
        "P50": 0.24722222222222223,
        "P67": 0.29791666666666666,
        "P75": 0.3174242424242424,
        "P90": 0.3689497716894977
      }
    },
    "rainfall_30d": {
      "current": {
        "P25": 10.45,
        "P50": 36.35,
        "P67": 41.9,
        "P75": 67.95,
        "P90": 164.93000000000018
      },
      "cumulative": {
        "P25": 11.5,
        "P50": 29.0,
        "P67": 40.4,
        "P75": 43.6,
        "P90": 162.2
      }
    },
    "temperature_30d": {
      "current": {
        "P25": 12.319999999999999,
        "P50": 20.48166666666667,
        "P67": 21.333333333333332,
        "P75": 23.34,
        "P90": 30.37333333333333
      },
      "cumulative": {
        "P25": 11.646843434343433,
        "P50": 20.109166666666667,
        "P67": 21.10666666666667,
        "P75": 22.572499999999998,
        "P90": 30.026666666666664
      }
    },
    "drought_days": {
      "current": {
        "P25": 0.0,
        "P50": 1.0,
        "P67": 1.0,
        "P75": 2.0,
        "P90": 3.1000000000001364
      },
      "cumulative": {
        "P25": 0.0,
        "P50": 0.0,
        "P67": 1.0,
        "P75": 1.0,
        "P90": 3.0
      }
    },
    "depletion": {
      "current": {
        "P25": 0.0,
        "P50": 0.0,
        "P67": 0.0,
        "P75": 0.0,
        "P90": 0.0
      },
      "cumulative": {
        "P25": 0.0,
        "P50": 0.0,
        "P67": 0.0,
        "P75": 0.0,
        "P90": 0.0
      }
    },
    "recovery_rate": {
      "current": {
        "P25": 0.0,
        "P50": 0.0,
        "P67": 0.0,
        "P75": 0.0,
        "P90": 0.0
      },
      "cumulative": {
        "P25": 0.0,
        "P50": 0.0,
        "P67": 0.0,
        "P75": 0.0,
        "P90": 0.0
      }
    },
    "hazard_damage": {
      "current": {
        "P25": 1.0,
        "P50": 1.0,
        "P67": 1.0,
        "P75": 1.0,
        "P90": 1.0
      },
      "cumulative": {
        "P25": 0.6333333333333333,
        "P50": 1.0,
        "P67": 1.0,
        "P75": 1.0,
        "P90": 1.0
      }
    }
  }
}
