{
  "seed": 13,
  "counts": {
    "current": 7680,
    "cumulative": 7680
  },
  "quantiles": {
    "soil_moisture": {
      "current": {
        "P25": 0.10368845048552902,
        "P50": 0.19502111956128793,
        "P67": 0.25090999589397894,
        "P75": 0.2804154073503617,
        "P90": 0.34829640451664934
      },
      "cumulative": {
        "P25": 0.10368845048552902,
        "P50": 0.19502111956128793,
        "P67": 0.25090999589397894,
        "P75": 0.2804154073503617,
        "P90": 0.34829640451664934
      }
    },
    "fertility": {
      "current": {
        "P25": 0.07495586500527834,
        "P50": 0.1735470255925921,
        "P67": 0.23764846611467216,
        "P75": 0.268232447096097,
        "P90": 0.34081830504941396
      },
      "cumulative": {
        "P25": 0.07495586500527834,
        "P50": 0.1735470255925921,
        "P67": 0.23764846611467216,
        "P75": 0.268232447096097,
        "P90": 0.34081830504941396
      }
    },
    "rainfall_30d": {
      "current": {
        "P25": 2.601647487691112,
        "P50": 5.331055965597023,
        "P67": 7.06061756501076,
        "P75": 7.91396174694313,
        "P90": 9.941887641219626
      },
      "cumulative": {
        "P25": 2.601647487691112,
        "P50": 5.331055965597023,
        "P67": 7.06061756501076,
        "P75": 7.91396174694313,
        "P90": 9.941887641219626
      }
    },
    "temperature_30d": {
      "current": {
        "P25": 19.780232360826695,
        "P50": 19.97640138180541,
        "P67": 20.118770148313704,
        "P75": 20.206465625890093,
        "P90": 20.436171173760446
      },
      "cumulative": {
        "P25": 19.780232360826695,
        "P50": 19.97640138180541,
        "P67": 20.118770148313704,
        "P75": 20.206465625890093,
        "P90": 20.436171173760446
      }
    },
    "drought_days": {
      "current": {
        "P25": 0.0,
        "P50": 0.0,
        "P67": 0.0,
        "P75": 1.0,
        "P90": 1.0
      },
      "cumulative": {
        "P25": 0.0,
        "P50": 0.0,
        "P67": 0.0,
        "P75": 1.0,
        "P90": 1.0
      }
    },
    "depletion": {
      "current": {
        "P25": 0.0,
        "P50": 0.0,
        "P67": 0.0,
        "P75": 0.0,
        "P90": 0.0
      },
      "cumulative": {
        "P25": 0.0,
        "P50": 0.0,
        "P67": 0.0,
        "P75": 0.0,
        "P90": 0.0
      }
    },
    "recovery_rate": {
      "current": {
        "P25": 0.0,
        "P50": 0.0,
        "P67": 0.0,
        "P75": 0.0,
        "P90": 0.0
      },
      "cumulative": {
        "P25": 0.0,
        "P50": 0.0,
        "P67": 0.0,
        "P75": 0.0,
        "P90": 0.0
      }
    },
    "hazard_damage": {
      "current": {
        "P25": 0.06666666666666667,
        "P50": 0.19999999999999998,
        "P67": 0.26666666666666666,
        "P75": 0.30000000000000004,
        "P90": 0.4666666666666666
      },
      "cumulative": {
        "P25": 0.06666666666666667,
        "P50": 0.19999999999999998,
        "P67": 0.26666666666666666,
        "P75": 0.30000000000000004,
        "P90": 0.4666666666666666
      }
    }
  }
}
